{"iter": 0, "reward": -5.748275940224992, "mu": 0.5, "scale": 100.0}
{"iter": 1, "reward": -5.1119918767282275, "mu": 3.530224441600494, "scale": 0.7069175014291494}
{"iter": 2, "reward": -5.028892911418153, "mu": 3.398234778356194, "scale": 0.3470166870108063}
{"iter": 3, "reward": -5.029356679090626, "mu": 2.425886886395943, "scale": 1.3596735652802914}
{"iter": 4, "reward": -4.294253004565197, "mu": 1.9813889132265088, "scale": 0.5601588246026733}
{"iter": 5, "reward": -4.65273840671498, "mu": 1.5528801096814613, "scale": 0.24034024129855724}
{"iter": 6, "reward": -4.659032988138515, "mu": 1.5536194884350365, "scale": 0.16083488252230746}
{"iter": 7, "reward": -3.4411446923944053, "mu": 1.3801767048694278, "scale": 0.06373287951057076}
{"iter": 8, "reward": -3.198892668855162, "mu": 1.3916016886518476, "scale": 0.020281492358598104}
{"iter": 9, "reward": -2.5983438690408427, "mu": 1.3528197219339684, "scale": 0.009755612322135593}
{"iter": 10, "reward": -2.494738447944033, "mu": 1.3487133857503673, "scale": 0.0020622916327113737}
{"iter": 11, "reward": -2.4495685656295048, "mu": 1.346749571127323, "scale": 0.0014575418557588682}
{"iter": 12, "reward": -2.4300832807416315, "mu": 1.3370333427140235, "scale": 0.0006970627675868872}
{"iter": 13, "reward": -2.4078100373285176, "mu": 1.3360385665267733, "scale": 0.00012691072136092197}
{"iter": 14, "reward": -2.3987155288021915, "mu": 1.3345388410283863, "scale": 6.568527076645561e-05}
{"iter": 15, "reward": -2.3987155288021915, "mu": 1.3323696061865522, "scale": 5.1369119563967196e-05}
{"iter": 16, "reward": -2.4053048962455854, "mu": 1.3311424339815943, "scale": 4.377090293628915e-05}
{"iter": 17, "reward": -2.3987155288021915, "mu": 1.3298015295613006, "scale": 1.5202911861408262e-05}
{"iter": 18, "reward": -2.4020102125238885, "mu": 1.3293497406590382, "scale": 1.7681519367162147e-05}
{"iter": 19, "reward": -2.3987155288021915, "mu": 1.3296284491645378, "scale": 1.7002462042748135e-05}
