{"iter": 0, "reward": -5.748275940224992, "mu": 0.5, "scale": 100.0}
{"iter": 1, "reward": -7.600514882742097, "mu": 0.0, "scale": 0.0}
