iter,mu,reward,scale
0,0.5,-5.748275940224992,100.0
1,0.0,-7.600514882742097,0.0
